student_id,name,branch,marks,age,city
1,Advait,CSE,13,19,Paralakhemundi
2,Aditi,CSE,20,20,Bathinda
3,Shaan,CSE,1,19,Rourkela
4,Aarav,CSE,24,20,Nabarangpur
5,Sneha,CSE,9,22,Kochi
6,Vedant,CSE,19,19,Mangalore
7,Priya,CSE,7,20,Kakinada
8,Krishna,CSE,2,21,Kollam
9,Naina,CSE,84,19,Agra
10,Naina,CSE,15,19,Sambalpur
11,Atharv,CSE,16,19,Bhubaneswar
12,Zara,CSE,4,21,Kasargod
13,Kavya,CSE,7,22,Mohali
14,Dev,CSE,99,19,Boudh
15,Jai,CSE,2,21,Panchkula
16,Aarav,CSE,3,20,Visakhapatnam
17,Disha,CSE,82,22,Ajmer
18,Dev,CSE,17,21,Mangalore
19,Ananya,CSE,87,22,Kurnool
20,Aryan,CSE,9,20,Delhi
21,Vedant,CSE,3,21,Hoshiarpur
22,Aryan,CSE,13,21,Madurai
23,Vaishnavi,CSE,20,20,Kurnool
24,Aarav,CSE,88,19,Thrissur
25,Anika,CSE,9,20,Dehradun
26,Ishita,CSE,13,21,Berhampur
27,Shruti,CSE,8,20,Kakinada
28,Aarav,CSE,88,21,Noida
29,Sneha,CSE,86,22,Cuttack
30,Arin,CSE,20,21,Kollam
31,Disha,CSE,85,21,Amritsar
32,Ishita,CSE,2,22,Sundergarh
33,Parth,CSE,14,20,Ludhiana
34,Vivaan,CSE,1,19,Guwahati
35,Vihaan,CSE,84,21,Faridabad
36,Rohan,CSE,5,22,Bengaluru
37,Aditi,CSE,3,19,Malkangiri
38,Kian,CSE,9,21,Pathanamthitta
39,Aryan,CSE,5,22,Hoshiarpur
40,Shaan,CSE,4,22,Kota
41,Rishab,CSE,7,19,Bhubaneswar
42,Arnav,CSE,81,20,Mangalore
43,Prisha,CSE,9,19,Jagatsinghpur
44,Diya,CSE,16,22,Berhampur
45,Dhruv,CSE,1,20,Baripada
46,Kabir,CSE,0,20,Warangal
47,Arnav,CSE,17,21,Greater Noida
48,Krishna,CSE,3,21,Kota
49,Ananya,CSE,82,20,Aligarh
50,Parth,CSE,7,22,Konark
51,Ishita,CSE,9,22,Malappuram
52,Navya,CSE,11,19,Ranchi
53,Zara,CSE,7,21,Idukki
54,Aditi,CSE,83,19,Mathura
55,Aarav,CSE,15,22,Patiala
56,Navya,CSE,12,19,Kochi
57,Rohan,CSE,7,20,Patna
58,Disha,CSE,26,22,Keonjhar
59,Aarav,CSE,20,21,Srinagar
60,Krishna,CSE,30,21,Varanasi
61,Navya,CSE,98,20,Bareilly
62,Arjun,CSE,5,21,Allahabad
63,Anika,CSE,100,20,Berhampur
64,Diya,CSE,0,19,Kalahandi
65,Om,CSE,19,21,Patna
66,Akshara,CSE,83,19,Jaipur
67,Priya,CSE,19,21,Gopalpur
68,Siya,CSE,2,21,Alwar
69,Zara,CSE,85,19,Cuttack
70,Diya,CSE,15,21,Hyderabad
71,Pihu,CSE,8,21,Kendrapada
72,Vaishnavi,CSE,0,19,Jharsuguda
73,Naina,CSE,18,19,Chennai
74,Shanaya,CSE,1,21,Brahmapur
75,Dev,CSE,8,19,Delhi
76,Anika,CSE,3,19,Malappuram
77,Arnav,CSE,4,20,Ganjam
78,Kian,CSE,4,21,Paralakhemundi
79,Ranbir,CSE,7,19,Kottayam
80,Om,CSE,6,21,Haridwar
81,Arjun,CSE,20,20,Ludhiana
82,Jai,CSE,0,21,Warangal
83,Shanaya,CSE,4,21,Gurugram
84,Aditi,CSE,7,19,Idukki
85,Rehan,CSE,89,22,Srinagar
86,Pihu,CSE,10,22,Rajahmundry
87,Jai,CSE,12,22,Phulbani
88,Shanaya,CSE,8,20,Kozhikode
89,Anika,CSE,6,19,Gopalpur
90,Zara,CSE,14,19,Coimbatore
91,Jai,CSE,90,20,Moradabad
92,Rishab,ME,75,21,Jhansi
93,Ranbir,ME,83,19,Vadodara
94,Kabir,ME,19,21,Ludhiana
95,Vivaan,ME,89,21,Pune
96,Rehan,ME,85,20,Balasore
97,Trisha,ME,88,20,Anugul
98,Shruti,ME,43,21,Bijnor
99,Pihu,ME,84,22,Chennai
100,Sneha,ME,87,21,Mumbai
101,Diya,ME,73,20,Jammu
102,Riya,ME,15,22,Jodhpur
103,Reyansh,ME,45,21,Varanasi
104,Vaishnavi,ME,81,21,Mussoorie
105,Dhruv,ME,98,20,Bikaner
106,Arjun,ME,75,19,Kolkata
107,Om,ME,73,19,Gorakhpur
108,Prisha,ME,71,20,Kozhikode
109,Shanaya,ME,85,22,Dehradun
110,Parth,ME,74,21,Warangal
111,Rishab,ME,47,21,Raipur
112,Anika,ME,43,21,Jammu
113,Mira,ME,48,21,Indore
114,Jhanvi,ME,26,21,Nayagarh
115,Priya,ME,11,22,Ajmer
116,Reyansh,ME,46,21,Bengaluru
117,Navya,ME,49,20,Rampur
118,Ananya,ME,76,22,Kochi
119,Krishna,ME,81,21,Lucknow
120,Aditi,ME,42,20,Kurnool
121,Krishna,ME,86,20,Jajpur
122,Vivaan,ME,49,22,Thrissur
123,Sara,ME,89,21,Ghaziabad
124,Arin,ME,85,19,Raipur
125,Parth,ME,16,19,Moradabad
126,Naina,ME,43,21,Kendrapada
127,Kaira,ME,87,22,Chennai
128,Yuvaan,ME,82,20,Jajpur
129,Aditi,ME,18,19,Jharsuguda
130,Priya,ME,75,21,Bareilly
131,Trisha,ME,42,20,Jaipur
132,Anika,ME,45,20,Mohali
133,Arnav,ME,82,21,Bengaluru
134,Aryan,ME,78,20,Shimla
135,Prisha,ME,30,19,Faizabad
136,Rishab,ME,100,21,Shimla
137,Om,ME,84,19,Warangal
138,Pihu,ME,45,21,Kandhamal
139,Naina,ME,86,21,Bargarh
140,Kabir,ME,86,20,Faridabad
141,Priya,ME,42,21,Saharanpur
142,Krishna,ME,74,20,Konark
143,Shruti,ME,41,21,Jagatsinghpur
144,Dev,ME,75,19,Shimla
145,Arin,ME,71,20,Wayanad
146,Aditi,ME,90,21,Koraput
147,Rehan,ME,50,21,Khurda
148,Om,ME,24,21,Chandigarh
149,Navya,ME,86,22,Jabalpur
150,Riya,ME,76,21,Jagatsinghpur
151,Kian,ME,45,21,Raipur
152,Aryan,ME,21,22,Wayanad
153,Rishab,ME,80,19,Surat
154,Jhanvi,ME,48,22,Alwar
155,Aditi,ME,75,19,Mumbai
156,Vihaan,ME,78,20,Mayurbhanj
157,Ananya,ME,81,22,Cuttack
158,Vedant,ME,84,21,Kollam
159,Atharv,ME,99,20,Guwahati
160,Dhruv,ME,17,22,Tirupati
161,Sneha,ME,47,22,Ranchi
162,Akshara,ME,84,19,Rampur
163,Arjun,ME,48,20,Konark
164,Sara,ME,90,22,Mathura
165,Disha,ME,78,22,Gajapati
166,Dev,ME,74,20,Raipur
167,Trisha,ME,49,20,Kurnool
168,Anika,ME,71,20,Hyderabad
169,Kavya,ME,48,19,Bijnor
170,Yuvaan,ME,83,22,Lucknow
171,Vihaan,ME,84,22,Deogarh
172,Rohan,ME,13,22,Goa
173,Kaira,ME,80,20,Malappuram
174,Jhanvi,ME,79,20,Thiruvananthapuram
175,Rehan,ME,41,20,Paralakhemundi
176,Dhruv,ME,75,19,Chandigarh
177,Atharv,ME,74,19,Sonepur
178,Aditi,ME,72,22,Mysore
179,Siya,ME,84,20,Malkangiri
180,Kavya,ME,77,22,Saharanpur
181,Trisha,ME,47,19,Jabalpur
182,Riya,ME,44,19,Gopalpur
183,Shanaya,ECE,25,19,Ernakulam
184,Rohan,ECE,28,22,Phulbani
185,Arjun,ECE,27,22,Palakkad
186,Jai,ECE,30,22,Patna
187,Anika,ECE,12,22,Rishikesh
188,Yuvaan,ECE,67,19,Guntur
189,Advait,ECE,23,21,Deogarh
190,Pihu,ECE,11,20,Kochi
191,Akshara,ECE,18,22,Anugul
192,Shanaya,ECE,14,20,Ahmedabad
193,Shaan,ECE,70,20,Lucknow
194,Om,ECE,60,22,Mayurbhanj
195,Vihaan,ECE,65,22,Allahabad
196,Advait,ECE,70,20,Hoshiarpur
197,Shruti,ECE,62,19,Bolangir
198,Atharv,ECE,58,20,Bikaner
199,Zara,ECE,27,20,Rampur
200,Shaan,ECE,25,21,Wayanad
201,Aryan,ECE,61,21,Nashik
202,Akshara,ECE,64,20,Idukki
203,Parth,ECE,55,19,Gorakhpur
204,Arnav,ECE,61,19,Kollam
205,Arjun,ECE,21,19,Vadodara
206,Arnav,ECE,70,19,Jeypore
207,Vihaan,ECE,64,20,Guwahati
208,Naina,ECE,65,19,Bijnor
209,Vedant,ECE,63,20,Surat
210,Kavya,ECE,69,19,Rajahmundry
211,Mira,ECE,99,19,Puducherry
212,Ranbir,ECE,29,22,Tirupati
213,Om,ECE,29,22,Kolkata
214,Kian,ECE,16,20,Visakhapatnam
215,Kabir,ECE,65,22,Sonepur
216,Krishna,ECE,27,22,Panchkula
217,Diya,ECE,61,21,Dehradun
218,Dev,ECE,26,21,Wayanad
219,Vivaan,ECE,70,22,Tirupati
220,Vedant,ECE,63,20,Shahjahanpur
221,Trisha,ECE,18,20,Cuttack
222,Siya,ECE,19,19,Ghaziabad
223,Dev,ECE,21,22,Jeypore
224,Shanaya,ECE,63,20,Indore
225,Vedant,ECE,57,22,Boudh
226,Dev,ECE,19,22,Greater Noida
227,Shaan,ECE,69,19,Bengaluru
228,Aarav,ECE,22,22,Bhadrak
229,Diya,ECE,62,20,Jagatsinghpur
230,Advait,ECE,68,21,Bhubaneswar
231,Aarav,ECE,29,22,Surat
232,Parth,ECE,17,21,Haridwar
233,Aditi,ECE,25,19,Mussoorie
234,Sneha,ECE,68,22,Alappuzha
235,Rehan,ECE,67,19,Tirupati
236,Vaishnavi,ECE,69,22,Manali
237,Atharv,ECE,23,22,Kottayam
238,Anika,ECE,98,20,Jodhpur
239,Reyansh,ECE,59,21,Muzaffarnagar
240,Rishab,ECE,66,19,Deogarh
241,Diya,ECE,20,22,Rayagada
242,Om,ECE,67,20,Ludhiana
243,Krishna,ECE,11,19,Guntur
244,Ishita,ECE,30,21,Jodhpur
245,Aditi,ECE,22,21,Cuttack
246,Advait,ECE,23,22,Guwahati
247,Krishna,ECE,53,22,Dharamshala
248,Trisha,ECE,67,20,Malkangiri
249,Sara,ECE,30,20,Mysore
250,Kavya,ECE,17,20,Keonjhar
251,Trisha,ECE,25,19,Idukki
252,Akshara,ECE,56,20,Jharsuguda
253,Arin,ECE,18,19,Boudh
254,Rishab,ECE,22,20,Thrissur
255,Jhanvi,ECE,13,22,Sundergarh
256,Vedant,ECE,54,19,Delhi
257,Om,ECE,52,21,Panchkula
258,Reyansh,ECE,11,19,Panchkula
259,Dev,ECE,15,19,Nuapada
260,Kaira,ECE,14,19,Kakinada
261,Vaishnavi,ECE,100,19,Mysore
262,Kian,ECE,51,19,Bhubaneswar
263,Shanaya,ECE,20,22,Rayagada
264,Reyansh,ECE,27,19,Ganjam
265,Sara,ECE,29,19,Alwar
266,Riya,ECE,28,20,Bolangir
267,Anika,ECE,16,21,Agra
268,Kian,ECE,24,22,Bhadrak
269,Aarav,ECE,64,22,Bikaner
270,Ishita,ECE,18,20,Kakinada
271,Rishab,ECE,63,21,Delhi
272,Sara,ECE,63,21,Coimbatore
273,Kian,ECE,11,22,Greater Noida
274,Rohan,CE,55,20,Panchkula
275,Sara,CE,58,19,Jharsuguda
276,Kavya,CE,6,22,Bolangir
277,Disha,CE,58,21,Agra
278,Vivaan,CE,52,21,Visakhapatnam
279,Aryan,CE,100,22,Boudh
280,Vedant,CE,12,20,Madurai
281,Navya,CE,99,19,Bijnor
282,Zara,CE,9,21,Kochi
283,Prisha,CE,8,19,Nayagarh
284,Disha,CE,54,21,Gopalpur
285,Shruti,CE,25,19,Jalandhar
286,Dhruv,CE,60,21,Kendrapara
287,Disha,CE,10,20,Bolangir
288,Jai,CE,16,21,Haridwar
289,Navya,CE,53,19,Bargarh
290,Akshara,CE,51,20,Mumbai
291,Jhanvi,CE,19,21,Jharsuguda
292,Rehan,CE,28,21,Deogarh
293,Shanaya,CE,16,22,Thiruvananthapuram
294,Ranbir,CE,20,19,Sonepur
295,Rohan,CE,1,22,Kota
296,Arin,CE,90,19,Lucknow
297,Kabir,CE,98,22,Vadodara
298,Aryan,CE,85,19,Kollam
299,Sneha,CE,12,19,Bargarh
300,Ranbir,CE,2,22,Faridabad
301,Navya,CE,23,20,Leh
302,Arjun,CE,85,22,Baripada
303,Vivaan,CE,1,21,Pathanamthitta
304,Shruti,CE,52,21,Gopalpur
305,Diya,CE,5,19,Jodhpur
306,Prisha,CE,58,19,Indore
307,Arnav,CE,12,19,Gwalior
308,Akshara,CE,12,21,Kurnool
309,Atharv,CE,56,19,Baripada
310,Rishab,CE,86,19,Khurda
311,Rehan,CE,55,22,Visakhapatnam
312,Kaira,CE,10,20,Saharanpur
313,Kavya,CE,16,22,Ajmer
314,Mira,CE,7,21,Ghaziabad
315,Anika,CE,81,19,Saharanpur
316,Jai,CE,5,21,Varanasi
317,Riya,CE,16,22,Hyderabad
318,Krishna,CE,24,20,Phulbani
319,Vihaan,CE,15,22,Patiala
320,Vivaan,CE,18,22,Srinagar
321,Ranbir,CE,55,21,Balasore
322,Arin,CE,21,19,Mangalore
323,Naina,CE,84,22,Bhopal
324,Yuvaan,CE,82,19,Jeypore
325,Aryan,CE,0,22,Bengaluru
326,Reyansh,CE,86,22,Patna
327,Vaishnavi,CE,12,21,Nayagarh
328,Rohan,CE,88,20,Dhenkanal
329,Navya,CE,4,20,Aligarh
330,Disha,CE,14,22,Nagpur
331,Mira,CE,53,22,Jharsuguda
332,Naina,CE,15,19,Alappuzha
333,Reyansh,CE,5,19,Goa
334,Arnav,CE,5,22,Rourkela
335,Vihaan,CE,5,19,Tirupati
336,Vaishnavi,CE,57,21,Cuttack
337,Kabir,CE,17,19,Kottayam
338,Jhanvi,CE,11,21,Gurugram
339,Riya,CE,87,22,Rishikesh
340,Siya,CE,22,20,Bathinda
341,Vedant,CE,27,21,Nuapada
342,Sneha,CE,54,20,Durgapur
343,Vedant,CE,83,19,Jajpur
344,Priya,CE,1,20,Gajapati
345,Trisha,CE,89,20,Aligarh
346,Diya,CE,26,19,Faizabad
347,Yuvaan,CE,7,19,Muzaffarnagar
348,Naina,CE,9,20,Ajmer
349,Prisha,CE,59,21,Brahmapur
350,Ananya,CE,3,20,Ranchi
351,Aditi,CE,6,20,Jaipur
352,Kaira,CE,5,22,Jalandhar
353,Priya,CE,52,20,Bijnor
354,Sneha,CE,14,19,Kendrapada
355,Ananya,CE,1,22,Chennai
356,Vaishnavi,CE,55,21,Ghaziabad
357,Pihu,CE,16,22,Mumbai
358,Anika,CE,13,20,Keonjhar
359,Dev,CE,19,21,Hoshiarpur
360,Aryan,CE,16,22,Nellore
361,Vihaan,CE,4,20,Vadodara
362,Aarav,CE,19,22,Deogarh
363,Prisha,CE,18,20,Gurugram
364,Atharv,CE,7,19,Balasore
365,Arnav,Chemical,24,22,Nashik
366,Jhanvi,Chemical,60,19,Ahmedabad
367,Shaan,Chemical,54,22,Jeypore
368,Ananya,Chemical,55,19,Kendrapada
369,Jhanvi,Chemical,24,19,Puducherry
370,Ishita,Chemical,16,19,Nagpur
371,Mira,Chemical,51,21,Malkangiri
372,Aryan,Chemical,30,19,Lucknow
373,Arjun,Chemical,98,22,Warangal
374,Parth,Chemical,23,19,Kendrapara
375,Shanaya,Chemical,53,22,Jodhpur
376,Sneha,Chemical,28,19,Jabalpur
377,Rohan,Chemical,29,20,Konark
378,Mira,Chemical,22,20,Ernakulam
379,Pihu,Chemical,51,19,Bhopal
380,Kaira,Chemical,27,19,Mohali
381,Priya,Chemical,25,21,Bolangir
382,Naina,Chemical,52,20,Leh
383,Priya,Chemical,25,22,Malappuram
384,Aarav,Chemical,27,21,Paralakhemundi
385,Anika,Chemical,17,21,Kakinada
386,Om,Chemical,59,21,Meerut
387,Prisha,Chemical,58,21,Dehradun
388,Rehan,Chemical,23,21,Nabarangpur
389,Vaishnavi,Chemical,54,22,Anugul
390,Rohan,Chemical,20,22,Dharamshala
391,Akshara,Chemical,58,22,Cuttack
392,Diya,Chemical,30,20,Thiruvananthapuram
393,Shaan,Chemical,52,22,Dharamshala
394,Priya,Chemical,56,22,Rajahmundry
395,Jai,Chemical,19,21,Puri
396,Shaan,Chemical,13,19,Varanasi
397,Ranbir,Chemical,53,21,Gorakhpur
398,Ananya,Chemical,15,21,Bargarh
399,Kian,Chemical,16,20,Nellore
400,Atharv,Chemical,26,20,Patiala
401,Prisha,Chemical,51,22,Mussoorie
402,Mira,Chemical,17,21,Mysore
403,Ishita,Chemical,11,20,Thiruvananthapuram
404,Sneha,Chemical,60,19,Bhopal
405,Aryan,Chemical,30,19,Raipur
406,Sara,Chemical,30,20,Kannur
407,Arnav,Chemical,14,21,Jajpur
408,Navya,Chemical,24,22,Kendrapada
409,Prisha,Chemical,57,19,Jammu
410,Prisha,Chemical,18,21,Jamshedpur
411,Vaishnavi,Chemical,26,22,Jaipur
412,Shanaya,Chemical,29,22,Jalandhar
413,Priya,Chemical,60,22,Nagpur
414,Reyansh,Chemical,29,22,Palakkad
415,Kian,Chemical,52,22,Shimla
416,Akshara,Chemical,53,21,Koraput
417,Kabir,Chemical,22,19,Puri
418,Ranbir,Chemical,30,22,Mayurbhanj
419,Ishita,Chemical,21,19,Dehradun
420,Akshara,Chemical,26,19,Puducherry
421,Siya,Chemical,54,19,Nayagarh
422,Om,Chemical,28,19,Allahabad
423,Mira,Chemical,16,19,Ahmedabad
424,Prisha,Chemical,30,20,Kalahandi
425,Sneha,Chemical,52,22,Jaipur
426,Ishita,Chemical,19,19,Indore
427,Shaan,Chemical,56,21,Jajpur
428,Prisha,Chemical,13,19,Ernakulam
429,Aryan,Chemical,21,19,Shahjahanpur
430,Arin,Chemical,53,19,Dharamshala
431,Pihu,Chemical,57,20,Kasargod
432,Trisha,Chemical,28,21,Kannur
433,Kabir,Chemical,17,21,Gorakhpur
434,Shaan,Chemical,29,21,Panchkula
435,Siya,Chemical,56,21,Kozhikode
436,Shaan,Chemical,53,20,Goa
437,Aarav,Chemical,53,19,Bhubaneswar
438,Dhruv,Chemical,57,21,Kottayam
439,Mira,Chemical,12,19,Nayagarh
440,Arin,Chemical,19,19,Nashik
441,Zara,Chemical,27,20,Koraput
442,Aditi,Chemical,28,20,Ghaziabad
443,Yuvaan,Chemical,14,22,Kollam
444,Jhanvi,Chemical,12,21,Faizabad
445,Anika,Chemical,13,20,Faizabad
446,Diya,Chemical,58,21,Kozhikode
447,Rohan,Chemical,27,20,Kolkata
448,Kavya,Chemical,24,19,Ranchi
449,Kavya,Chemical,56,19,Chennai
450,Rishab,Chemical,28,19,Pathanamthitta
451,Vivaan,Chemical,26,19,Patiala
452,Rehan,Chemical,59,21,Baripada
453,Siya,Chemical,99,20,Puducherry
454,Yuvaan,Chemical,52,19,Moradabad
455,Atharv,Chemical,100,19,Khurda
456,Priya,EEE,52,20,Sambalpur
457,Rishab,EEE,51,19,Guwahati
458,Ranbir,EEE,84,21,Khurda
459,Prisha,EEE,83,22,Ahmedabad
460,Shanaya,EEE,86,22,Alwar
461,Naina,EEE,55,19,Kochi
462,Shanaya,EEE,69,21,Bathinda
463,Vivaan,EEE,84,21,Bhadrak
464,Arin,EEE,81,19,Shahjahanpur
465,Kaira,EEE,87,19,Nagpur
466,Dhruv,EEE,57,19,Allahabad
467,Arin,EEE,59,21,Delhi
468,Aditi,EEE,58,22,Kannur
469,Arin,EEE,89,19,Guntur
470,Rehan,EEE,54,20,Jhansi
471,Priya,EEE,52,21,Chennai
472,Kavya,EEE,56,22,Gajapati
473,Reyansh,EEE,53,19,Dharamshala
474,Pihu,EEE,90,20,Ajmer
475,Jhanvi,EEE,83,19,Mathura
476,Vivaan,EEE,54,21,Paralakhemundi
477,Aryan,EEE,100,21,Mangalore
478,Vivaan,EEE,85,20,Balasore
479,Parth,EEE,59,21,Allahabad
480,Ananya,EEE,81,19,Bhopal
481,Advait,EEE,88,20,Jhansi
482,Vivaan,EEE,60,21,Noida
483,Kaira,EEE,58,19,Amritsar
484,Parth,EEE,90,20,Phulbani
485,Ishita,EEE,67,20,Rishikesh
486,Mira,EEE,87,19,Rayagada
487,Aarav,EEE,85,21,Pathanamthitta
488,Yuvaan,EEE,86,22,Bengaluru
489,Dhruv,EEE,54,19,Ludhiana
490,Atharv,EEE,88,21,Chandigarh
491,Trisha,EEE,82,21,Mumbai
492,Riya,EEE,82,22,Berhampur
493,Reyansh,EEE,69,20,Gwalior
494,Jai,EEE,55,22,Ganjam
495,Aryan,EEE,52,19,Jajpur
496,Kaira,EEE,88,20,Gajapati
497,Pihu,EEE,57,20,Aligarh
498,Rishab,EEE,64,19,Srinagar
499,Disha,EEE,84,21,Mohali
500,Disha,EEE,84,19,Leh
501,Vaishnavi,EEE,52,19,Mathura
502,Arin,EEE,55,20,Greater Noida
503,Kavya,EEE,56,20,Agra
504,Arin,EEE,59,21,Bengaluru
505,Vihaan,EEE,65,19,Khurda
506,Zara,EEE,55,20,Manali
507,Vihaan,EEE,57,19,Srinagar
508,Trisha,EEE,53,20,Subarnapur
509,Jai,EEE,89,21,Kolkata
510,Dhruv,EEE,68,22,Mayurbhanj
511,Kavya,EEE,63,22,Sambalpur
512,Navya,EEE,84,21,Subarnapur
513,Shruti,EEE,57,19,Mohali
514,Aryan,EEE,65,19,Jeypore
515,Naina,EEE,84,19,Aligarh
516,Advait,EEE,62,21,Pathanamthitta
517,Arin,EEE,66,21,Jeypore
518,Jhanvi,EEE,63,19,Kalahandi
519,Atharv,EEE,80,22,Tirupati
520,Advait,EEE,70,19,Nellore
521,Atharv,EEE,81,21,Nabarangpur
522,Akshara,EEE,89,22,Subarnapur
523,Siya,EEE,56,21,Brahmapur
524,Siya,EEE,90,22,Ahmedabad
525,Shanaya,EEE,90,19,Sundergarh
526,Jai,EEE,83,19,Dhenkanal
527,Om,EEE,86,19,Faridabad
528,Trisha,EEE,65,19,Rampur
529,Advait,EEE,81,19,Visakhapatnam
530,Shaan,EEE,98,20,Moradabad
531,Advait,EEE,51,19,Bhadrak
532,Jai,EEE,67,21,Kendrapara
533,Rishab,EEE,89,22,Paralakhemundi
534,Arnav,EEE,68,19,Nuapada
535,Shruti,EEE,69,19,Agra
536,Naina,EEE,51,21,Bareilly
537,Kaira,EEE,87,21,Hyderabad
538,Shaan,EEE,99,19,Muzaffarnagar
539,Shaan,EEE,81,22,Dhenkanal
540,Arin,EEE,88,21,Nuapada
541,Krishna,EEE,61,20,Moradabad
542,Sneha,EEE,54,22,Rampur
543,Vedant,EEE,58,21,Bhadrak
544,Vivaan,EEE,81,21,Deogarh
545,Priya,EEE,84,21,Keonjhar
546,Yuvaan,EEE,84,20,Dharamshala
547,Ranbir,IT,31,22,Nainital
548,Advait,IT,52,21,Delhi
549,Sara,IT,87,20,Nayagarh
550,Jai,IT,14,19,Udaipur
551,Vedant,IT,13,22,Nellore
552,Akshara,IT,82,19,Mathura
553,Rishab,IT,11,20,Noida
554,Ranbir,IT,51,21,Meerut
555,Sara,IT,37,19,Jamshedpur
556,Vihaan,IT,86,22,Chandigarh
557,Vedant,IT,59,21,Jeypore
558,Om,IT,18,20,Konark
559,Pihu,IT,100,20,Durgapur
560,Mira,IT,35,19,Jamshedpur
561,Prisha,IT,81,20,Alwar
562,Zara,IT,35,19,Kurnool
563,Disha,IT,34,21,Alappuzha
564,Vivaan,IT,89,21,Khurda
565,Dhruv,IT,37,22,Udaipur
566,Navya,IT,83,21,Kandhamal
567,Atharv,IT,84,20,Jhansi
568,Atharv,IT,16,22,Pune
569,Zara,IT,90,19,Jaipur
570,Pihu,IT,82,19,Ranchi
571,Kabir,IT,60,19,Mayurbhanj
572,Vihaan,IT,37,20,Baripada
573,Siya,IT,83,22,Thiruvananthapuram
574,Navya,IT,34,22,Alappuzha
575,Arjun,IT,59,22,Gorakhpur
576,Kabir,IT,85,21,Meerut
577,Ananya,IT,56,22,Subarnapur
578,Vihaan,IT,88,22,Pune
579,Disha,IT,34,21,Sambalpur
580,Rishab,IT,38,20,Bhadrak
581,Akshara,IT,84,19,Mysore
582,Dev,IT,87,22,Bhadrak
583,Arin,IT,19,22,Kota
584,Siya,IT,36,22,Kalahandi
585,Disha,IT,39,21,Kendrapada
586,Diya,IT,89,21,Kakinada
587,Parth,IT,83,21,Mayurbhanj
588,Sneha,IT,98,22,Subarnapur
589,Siya,IT,52,20,Jharsuguda
590,Disha,IT,33,19,Saharanpur
591,Anika,IT,82,21,Sundergarh
592,Krishna,IT,60,20,Patna
593,Riya,IT,12,19,Jammu
594,Rohan,IT,82,20,Rourkela
595,Shaan,IT,81,19,Ganjam
596,Krishna,IT,38,20,Ganjam
597,Ranbir,IT,35,21,Allahabad
598,Zara,IT,11,20,Bargarh
599,Advait,IT,40,20,Nashik
600,Aryan,IT,15,19,Rourkela
601,Dhruv,IT,54,19,Faridabad
602,Yuvaan,IT,56,21,Wayanad
603,Shanaya,IT,33,20,Faizabad
604,Ananya,IT,20,21,Rajahmundry
605,Shruti,IT,60,21,Berhampur
606,Pihu,IT,12,22,Subarnapur
607,Arjun,IT,99,20,Chandigarh
608,Rohan,IT,58,21,Puri
609,Siya,IT,13,19,Indore
610,Siya,IT,53,19,Rayagada
611,Atharv,IT,54,21,Nainital
612,Rishab,IT,32,20,Nellore
613,Yuvaan,IT,17,19,Varanasi
614,Kian,IT,36,22,Delhi
615,Parth,IT,18,22,Meerut
616,Disha,IT,84,21,Chennai
617,Shruti,IT,12,19,Malappuram
618,Shanaya,IT,55,20,Kalahandi
619,Aarav,IT,14,20,Guwahati
620,Akshara,IT,54,22,Coimbatore
621,Rohan,IT,57,22,Gwalior
622,Pihu,IT,20,20,Rampur
623,Rehan,IT,83,19,Pune
624,Arjun,IT,89,19,Kottayam
625,Priya,IT,17,20,Berhampur
626,Advait,IT,88,19,Thrissur
627,Zara,IT,40,21,Aligarh
628,Jai,IT,31,21,Muzaffarnagar
629,Sneha,IT,86,19,Kasargod
630,Priya,IT,90,19,Hyderabad
631,Vivaan,IT,90,19,Bhubaneswar
632,Ishita,IT,52,21,Ernakulam
633,Kian,IT,53,21,Mangalore
634,Atharv,IT,90,19,Vadodara
635,Riya,IT,11,22,Kalahandi
636,Sneha,IT,56,19,Anugul
637,Jai,IT,83,21,Gwalior
638,Vedant,AeroEngg,7,22,Nashik
639,Sneha,AeroEngg,4,19,Aligarh
640,Shruti,AeroEngg,10,21,Jodhpur
641,Shruti,AeroEngg,43,19,Keonjhar
642,Navya,AeroEngg,26,20,Gajapati
643,Kian,AeroEngg,6,19,Thrissur
644,Sneha,AeroEngg,65,21,Manali
645,Jai,AeroEngg,64,19,Ludhiana
646,Om,AeroEngg,47,22,Goa
647,Trisha,AeroEngg,2,20,Mysore
648,Dev,AeroEngg,1,20,Nellore
649,Pihu,AeroEngg,25,22,Leh
650,Reyansh,AeroEngg,4,22,Puri
651,Kian,AeroEngg,44,20,Surat
652,Sneha,AeroEngg,10,20,Kurnool
653,Navya,AeroEngg,47,20,Sambalpur
654,Naina,AeroEngg,0,22,Kasargod
655,Kabir,AeroEngg,61,20,Haridwar
656,Om,AeroEngg,7,20,Kendrapara
657,Kaira,AeroEngg,26,21,Leh
658,Om,AeroEngg,2,19,Udaipur
659,Yuvaan,AeroEngg,29,22,Boudh
660,Trisha,AeroEngg,1,21,Kandhamal
661,Disha,AeroEngg,23,21,Rajahmundry
662,Riya,AeroEngg,1,22,Sundergarh
663,Kian,AeroEngg,49,21,Nabarangpur
664,Arjun,AeroEngg,6,20,Mayurbhanj
665,Aarav,AeroEngg,26,21,Nainital
666,Dev,AeroEngg,0,21,Thrissur
667,Atharv,AeroEngg,45,20,Srinagar
668,Riya,AeroEngg,42,20,Gurugram
669,Shaan,AeroEngg,63,20,Guntur
670,Sneha,AeroEngg,63,22,Kannur
671,Dev,AeroEngg,6,22,Surat
672,Aditi,AeroEngg,48,20,Coimbatore
673,Vaishnavi,AeroEngg,10,20,Idukki
674,Jhanvi,AeroEngg,9,21,Bathinda
675,Shaan,AeroEngg,28,21,Madurai
676,Zara,AeroEngg,24,20,Subarnapur
677,Vaishnavi,AeroEngg,29,19,Coimbatore
678,Trisha,AeroEngg,43,20,Coimbatore
679,Arjun,AeroEngg,4,22,Puri
680,Diya,AeroEngg,77,21,Rishikesh
681,Arnav,AeroEngg,64,22,Madurai
682,Ananya,AeroEngg,8,19,Alappuzha
683,Parth,AeroEngg,70,22,Udaipur
684,Ranbir,AeroEngg,66,19,Bikaner
685,Vaishnavi,AeroEngg,6,19,Kannur
686,Anika,AeroEngg,21,20,Bolangir
687,Arnav,AeroEngg,29,22,Dharamshala
688,Reyansh,AeroEngg,67,21,Dhenkanal
689,Sara,AeroEngg,80,19,Jaipur
690,Shruti,AeroEngg,5,21,Amritsar
691,Siya,AeroEngg,7,22,Mathura
692,Pihu,AeroEngg,6,22,Jabalpur
693,Ranbir,AeroEngg,79,19,Baripada
694,Vedant,AeroEngg,5,20,Shimla
695,Vihaan,AeroEngg,8,22,Balasore
696,Pihu,AeroEngg,22,19,Bargarh
697,Kavya,AeroEngg,69,21,Leh
698,Vedant,AeroEngg,64,22,Greater Noida
699,Shaan,AeroEngg,3,21,Phulbani
700,Rehan,AeroEngg,68,20,Vadodara
701,Sara,AeroEngg,100,20,Brahmapur
702,Kabir,AeroEngg,30,22,Pune
703,Arin,AeroEngg,42,20,Rourkela
704,Jai,AeroEngg,49,21,Konark
705,Disha,AeroEngg,3,19,Malappuram
706,Parth,AeroEngg,41,19,Panchkula
707,Ranbir,AeroEngg,2,22,Srinagar
708,Zara,AeroEngg,76,20,Kannur
709,Vivaan,AeroEngg,98,21,Jhansi
710,Yuvaan,AeroEngg,66,21,Gwalior
711,Aditi,AeroEngg,9,21,Jamshedpur
712,Arjun,AeroEngg,50,20,Faridabad
713,Ananya,AeroEngg,99,21,Rampur
714,Kavya,AeroEngg,5,21,Bhopal
715,Mira,AeroEngg,48,19,Coimbatore
716,Zara,AeroEngg,27,21,Anugul
717,Riya,AeroEngg,8,22,Nagpur
718,Navya,AeroEngg,62,19,Chennai
719,Kian,AeroEngg,74,22,Noida
720,Arin,AeroEngg,9,20,Shimla
721,Parth,AeroEngg,3,19,Goa
722,Vivaan,AeroEngg,63,19,Bikaner
723,Yuvaan,AeroEngg,6,20,Madurai
724,Vivaan,AeroEngg,26,21,Nainital
725,Diya,AeroEngg,66,21,Brahmapur
726,Anika,AeroEngg,46,20,Jalandhar
727,Pihu,AeroEngg,65,21,Manali
728,Priya,AeroEngg,0,19,Mohali
729,Arjun,BiotechEngg,21,19,Kendrapara
730,Rehan,BiotechEngg,26,21,Guwahati
731,Vihaan,BiotechEngg,22,19,Sonepur
732,Aryan,BiotechEngg,26,19,Nuapada
733,Vaishnavi,BiotechEngg,73,20,Mumbai
734,Dev,BiotechEngg,55,20,Nashik
735,Arjun,BiotechEngg,14,21,Meerut
736,Ananya,BiotechEngg,77,20,Manali
737,Sara,BiotechEngg,72,21,Ahmedabad
738,Vihaan,BiotechEngg,29,19,Bikaner
739,Parth,BiotechEngg,72,22,Kolkata
740,Naina,BiotechEngg,99,19,Kandhamal
741,Rehan,BiotechEngg,17,20,Bikaner
742,Arjun,BiotechEngg,23,21,Udaipur
743,Riya,BiotechEngg,23,22,Malappuram
744,Riya,BiotechEngg,24,19,Jalandhar
745,Rohan,BiotechEngg,69,21,Guntur
746,Yuvaan,BiotechEngg,79,22,Rourkela
747,Disha,BiotechEngg,72,22,Bhopal
748,Naina,BiotechEngg,25,22,Keonjhar
749,Jhanvi,BiotechEngg,72,19,Rayagada
750,Vaishnavi,BiotechEngg,23,19,Durgapur
751,Vedant,BiotechEngg,30,19,Thrissur
752,Kian,BiotechEngg,27,21,Nashik
753,Priya,BiotechEngg,23,21,Leh
754,Diya,BiotechEngg,35,21,Sundergarh
755,Dhruv,BiotechEngg,37,19,Sonepur
756,Kabir,BiotechEngg,24,19,Kolkata
757,Ananya,BiotechEngg,25,22,Sambalpur
758,Rohan,BiotechEngg,25,20,Varanasi
759,Shruti,BiotechEngg,67,20,Gajapati
760,Rehan,BiotechEngg,22,19,Pathanamthitta
761,Rishab,BiotechEngg,26,21,Nabarangpur
762,Ananya,BiotechEngg,71,22,Kandhamal
763,Dev,BiotechEngg,27,20,Paralakhemundi
764,Naina,BiotechEngg,26,22,Rajahmundry
765,Riya,BiotechEngg,21,20,Mohali
766,Advait,BiotechEngg,29,19,Raipur
767,Ishita,BiotechEngg,26,20,Gopalpur
768,Aarav,BiotechEngg,11,21,Khurda
769,Krishna,BiotechEngg,21,19,Muzaffarnagar
770,Akshara,BiotechEngg,18,19,Malkangiri
771,Shanaya,BiotechEngg,29,19,Jagatsinghpur
772,Trisha,BiotechEngg,98,19,Koraput
773,Aarav,BiotechEngg,23,21,Hoshiarpur
774,Krishna,BiotechEngg,28,22,Goa
775,Kavya,BiotechEngg,75,21,Kendrapada
776,Ranbir,BiotechEngg,26,20,Chandigarh
777,Dhruv,BiotechEngg,21,20,Haridwar
778,Shruti,BiotechEngg,16,21,Bareilly
779,Riya,BiotechEngg,30,21,Amritsar
780,Akshara,BiotechEngg,51,21,Kannur
781,Dhruv,BiotechEngg,23,19,Balasore
782,Parth,BiotechEngg,52,19,Varanasi
783,Kabir,BiotechEngg,22,19,Kendrapara
784,Krishna,BiotechEngg,12,22,Bengaluru
785,Reyansh,BiotechEngg,80,19,Kolkata
786,Rishab,BiotechEngg,75,19,Nainital
787,Parth,BiotechEngg,30,21,Palakkad
788,Sara,BiotechEngg,27,20,Idukki
789,Vihaan,BiotechEngg,26,22,Jhansi
790,Sara,BiotechEngg,77,21,Malkangiri
791,Mira,BiotechEngg,76,19,Koraput
792,Jhanvi,BiotechEngg,78,20,Brahmapur
793,Yuvaan,BiotechEngg,20,20,Greater Noida
794,Prisha,BiotechEngg,60,22,Rishikesh
795,Advait,BiotechEngg,27,20,Surat
796,Akshara,BiotechEngg,15,22,Jabalpur
797,Atharv,BiotechEngg,30,20,Noida
798,Ananya,BiotechEngg,29,21,Kasargod
799,Sneha,BiotechEngg,19,19,Kandhamal
800,Kaira,BiotechEngg,75,20,Bolangir
801,Arjun,BiotechEngg,74,19,Patna
802,Kavya,BiotechEngg,13,19,Bareilly
803,Shruti,BiotechEngg,71,19,Jammu
804,Vivaan,BiotechEngg,25,19,Surat
805,Ishita,BiotechEngg,27,20,Gurugram
806,Rohan,BiotechEngg,27,19,Ganjam
807,Ishita,BiotechEngg,25,22,Jammu
808,Anika,BiotechEngg,66,19,Nagpur
809,Advait,BiotechEngg,23,20,Nabarangpur
810,Rohan,BiotechEngg,27,19,Muzaffarnagar
811,Vedant,BiotechEngg,25,20,Raipur
812,Trisha,BiotechEngg,28,21,Kochi
813,Reyansh,BiotechEngg,72,21,Konark
814,Akshara,BiotechEngg,54,22,Durgapur
815,Kabir,BiotechEngg,70,19,Allahabad
816,Ananya,BiotechEngg,27,21,Jabalpur
817,Shruti,BiotechEngg,26,21,Saharanpur
818,Arnav,BiotechEngg,100,20,Kota
819,Shaan,BiotechEngg,59,21,Gwalior
820,Aditi,PE,79,20,Anugul
821,Kavya,PE,39,21,Kasargod
822,Siya,PE,77,21,Mussoorie
823,Ishita,PE,73,20,Jagatsinghpur
824,Dhruv,PE,57,21,Pune
825,Siya,PE,74,22,Gurugram
826,Advait,PE,52,20,Shahjahanpur
827,Vaishnavi,PE,60,21,Koraput
828,Navya,PE,47,22,Rajahmundry
829,Kabir,PE,56,21,Udaipur
830,Riya,PE,75,22,Thiruvananthapuram
831,Krishna,PE,58,20,Gwalior
832,Kavya,PE,75,22,Amritsar
833,Anika,PE,73,22,Amritsar
834,Rehan,PE,78,19,Bhubaneswar
835,Kabir,PE,54,19,Baripada
836,Ishita,PE,54,22,Rayagada
837,Sara,PE,38,21,Koraput
838,Shruti,PE,78,20,Rishikesh
839,Dev,PE,42,22,Madurai
840,Jhanvi,PE,45,19,Indore
841,Kavya,PE,40,22,Bargarh
842,Jai,PE,75,19,Goa
843,Arin,PE,54,20,Jajpur
844,Om,PE,45,20,Puri
845,Rehan,PE,34,20,Kottayam
846,Ishita,PE,77,21,Jalandhar
847,Kabir,PE,75,21,Chandigarh
848,Parth,PE,71,20,Dhenkanal
849,Kaira,PE,71,20,Bijnor
850,Kaira,PE,48,22,Bareilly
851,Yuvaan,PE,72,19,Mangalore
852,Mira,PE,80,20,Kozhikode
853,Sara,PE,79,19,Kozhikode
854,Sara,PE,98,19,Bathinda
855,Prisha,PE,59,22,Rayagada
856,Disha,PE,73,20,Bijnor
857,Kian,PE,60,20,Boudh
858,Jai,PE,41,21,Palakkad
859,Diya,PE,74,22,Indore
860,Aarav,PE,99,21,Delhi
861,Mira,PE,51,20,Bathinda
862,Jai,PE,45,22,Meerut
863,Rohan,PE,74,22,Palakkad
864,Trisha,PE,44,22,Durgapur
865,Priya,PE,73,19,Agra
866,Krishna,PE,38,19,Rourkela
867,Aryan,PE,59,20,Greater Noida
868,Ishita,PE,53,20,Kalahandi
869,Advait,PE,79,20,Nuapada
870,Prisha,PE,78,19,Bathinda
871,Zara,PE,56,20,Mumbai
872,Kian,PE,41,21,Nuapada
873,Sara,PE,53,21,Mussoorie
874,Rehan,PE,75,19,Noida
875,Sara,PE,50,19,Puducherry
876,Arnav,PE,51,20,Muzaffarnagar
877,Dev,PE,73,20,Shahjahanpur
878,Anika,PE,35,22,Jagatsinghpur
879,Aarav,PE,42,20,Jhansi
880,Kaira,PE,76,19,Jodhpur
881,Jhanvi,PE,77,20,Dehradun
882,Kian,PE,46,21,Hoshiarpur
883,Dhruv,PE,72,20,Kolkata
884,Kabir,PE,57,21,Tirupati
885,Arnav,PE,76,19,Shahjahanpur
886,Dhruv,PE,73,20,Gorakhpur
887,Arnav,PE,77,22,Guntur
888,Rehan,PE,52,20,Nainital
889,Aryan,PE,57,19,Guntur
890,Shanaya,PE,45,21,Hyderabad
891,Aditi,PE,37,21,Alwar
892,Naina,PE,74,19,Ranchi
893,Advait,PE,78,19,Noida
894,Ranbir,PE,53,21,Haridwar
895,Reyansh,PE,36,19,Moradabad
896,Dhruv,PE,71,21,Vadodara
897,Siya,PE,75,22,Jamshedpur
898,Krishna,PE,48,22,Palakkad
899,Prisha,PE,57,19,Thiruvananthapuram
900,Shruti,PE,49,20,Nagpur
901,Yuvaan,PE,58,21,Kota
902,Riya,PE,58,22,Dehradun
903,Ranbir,PE,100,21,Kendrapara
904,Kaira,PE,43,19,Agra
905,Arjun,PE,31,21,Haridwar
906,Jhanvi,PE,33,21,Jamshedpur
907,Arin,PE,47,21,Madurai
908,Arnav,PE,55,19,Lucknow
909,Zara,PE,32,20,Jabalpur
910,Navya,PE,79,20,Bhopal
911,Zara,SMA,18,22,Ranchi
912,Ishita,SMA,53,21,Faizabad
913,Kaira,SMA,53,21,Berhampur
914,Reyansh,SMA,4,22,Udaipur
915,Rishab,SMA,5,20,Visakhapatnam
916,Sara,SMA,3,20,Anugul
917,Aditi,SMA,65,22,Puducherry
918,Dhruv,SMA,65,22,Patiala
919,Trisha,SMA,70,22,Manali
920,Kian,SMA,57,20,Shahjahanpur
921,Arjun,SMA,58,20,Sonepur
922,Dev,SMA,14,19,Visakhapatnam
923,Yuvaan,SMA,16,19,Ganjam
924,Vedant,SMA,7,21,Lucknow
925,Zara,SMA,13,22,Durgapur
926,Diya,SMA,6,22,Ahmedabad
927,Shanaya,SMA,14,21,Jammu
928,Rohan,SMA,19,20,Warangal
929,Disha,SMA,54,19,Bareilly
930,Aarav,SMA,16,20,Nellore
931,Siya,SMA,9,22,Ernakulam
932,Vaishnavi,SMA,12,19,Jamshedpur
933,Om,SMA,42,21,Palakkad
934,Pihu,SMA,10,21,Alappuzha
935,Riya,SMA,11,21,Faizabad
936,Reyansh,SMA,17,19,Kota
937,Mira,SMA,44,20,Alwar
938,Vaishnavi,SMA,56,20,Malkangiri
939,Shanaya,SMA,16,21,Rishikesh
940,Rohan,SMA,62,21,Moradabad
941,Diya,SMA,69,19,Jalandhar
942,Vivaan,SMA,17,20,Nabarangpur
943,Kaira,SMA,17,20,Keonjhar
944,Kabir,SMA,66,19,Balasore
945,Reyansh,SMA,100,20,Ludhiana
946,Advait,SMA,52,19,Shimla
947,Vaishnavi,SMA,51,20,Puducherry
948,Mira,SMA,58,21,Idukki
949,Arnav,SMA,45,22,Boudh
950,Navya,SMA,63,21,Kasargod
951,Parth,SMA,52,22,Patna
952,Krishna,SMA,46,21,Dhenkanal
953,Arnav,SMA,52,21,Wayanad
954,Jhanvi,SMA,99,21,Ernakulam
955,Aditi,SMA,62,21,Nayagarh
956,Rehan,SMA,68,20,Patiala
957,Jhanvi,SMA,48,19,Kozhikode
958,Atharv,SMA,1,19,Faridabad
959,Navya,SMA,16,22,Ajmer
960,Ananya,SMA,19,19,Mumbai
961,Reyansh,SMA,65,22,Warangal
962,Siya,SMA,66,22,Mysore
963,Ranbir,SMA,19,20,Pune
964,Kaira,SMA,0,20,Gopalpur
965,Vihaan,SMA,48,20,Gorakhpur
966,Atharv,SMA,20,22,Deogarh
967,Mira,SMA,60,21,Brahmapur
968,Mira,SMA,57,19,Mussoorie
969,Pihu,SMA,59,22,Sambalpur
970,Vihaan,SMA,12,19,Kottayam
971,Kavya,SMA,2,22,Alappuzha
972,Rishab,SMA,43,20,Hoshiarpur
973,Om,SMA,15,20,Sonepur
974,Reyansh,SMA,63,21,Phulbani
975,Dev,SMA,70,20,Pathanamthitta
976,Naina,SMA,46,21,Saharanpur
977,Om,SMA,64,20,Phulbani
978,Riya,SMA,15,20,Kakinada
979,Shruti,SMA,55,20,Hyderabad
980,Prisha,SMA,11,19,Sundergarh
981,Akshara,SMA,70,20,Ghaziabad
982,Parth,SMA,98,19,Puri
983,Ishita,SMA,13,19,Hyderabad
984,Dhruv,SMA,49,19,Meerut
985,Shaan,SMA,51,20,Kollam
986,Akshara,SMA,50,22,Manali
987,Diya,SMA,67,19,Ernakulam
988,Trisha,SMA,41,20,Ghaziabad
989,Ananya,SMA,53,19,Durgapur
990,Vedant,SMA,61,21,Wayanad
991,Jhanvi,SMA,67,19,Mussoorie
992,Mira,SMA,47,19,Mathura
993,Diya,SMA,68,22,Gurugram
994,Vihaan,SMA,13,22,Nainital
995,Naina,SMA,58,20,Gajapati
996,Priya,SMA,69,21,Amritsar
997,Yuvaan,SMA,67,22,Dhenkanal
998,Zara,SMA,8,19,Kandhamal
999,Ranbir,SMA,51,21,Patiala
1000,Kaira,SMA,16,20,Ajmer
